Handle,Title,Body (HTML),Vendor,Product Category,Product Type,Tags,Option1 Name,Option1 Value,Option2 Name,Option2 Value,Variant SKU,Variant Price,Compare At Price,Image Src,Published,Variant Inventory Tracker,Variant Inventory Qty,Variant Inventory Policy,Variant Fulfillment Service,Variant Requires Shipping,Variant Taxable,Gift Card,SEO Title,SEO Description,Status
yummy-gel-térmico-beijável-sexy-fantasy,Yummy Gel Térmico Beijável Sexy Fantasy,"Yummy é um maravilhoso gel térmico beijável que deve ser utilizado para a pratica do sexo oral, sua principal função é esquentar, e em contato com a mucosa proporciona uma suave refrescância. Possui diversos sabores incríveis disponíveis: Caipirinha, Café, Cola, Chiclete, Chocolate, Ice Menta, Framboesa, Marula, Menta, Morango.Ficha técnica: Contém:  15ml.Embalagem:  Frasnaga.Não contém Glúten. Não contém Lactose. Modo de usar: Colocar a quantidade desejada na ponta dos dedos e aplicar no local, massageando delicadamente. O óleo em instantes irá dar uma leve aquecida e fará com que a massagem fique mais prazerosa e relaxante. Recomendações: Evite contato com os olhos. Projeta o produto do calor, da umidade e da luz. No caso de irritação, suspenda o uso e, se necessário, procure orientação médica.Mantenha fora do alcance das crianças.Confira também: Calcinha Comestível Yummy.",,Saúde e beleza > Cuidados pessoais > Lubrificantes pessoais,Comestiveis,comestiveis,Variação,Cola,,,33503,4.035,,https://miess.vteximg.com.br/arquivos/ids/228495-1000-1000/YUM4128-Cola_1.jpg?v=637629132094670000,TRUE,shopify,,deny,manual,TRUE,TRUE,FALSE,,,active
yummy-gel-térmico-beijável-sexy-fantasy,Yummy Gel Térmico Beijável Sexy Fantasy,"Yummy é um maravilhoso gel térmico beijável que deve ser utilizado para a pratica do sexo oral, sua principal função é esquentar, e em contato com a mucosa proporciona uma suave refrescância. Possui diversos sabores incríveis disponíveis: Caipirinha, Café, Cola, Chiclete, Chocolate, Ice Menta, Framboesa, Marula, Menta, Morango.Ficha técnica: Contém:  15ml.Embalagem:  Frasnaga.Não contém Glúten. Não contém Lactose. Modo de usar: Colocar a quantidade desejada na ponta dos dedos e aplicar no local, massageando delicadamente. O óleo em instantes irá dar uma leve aquecida e fará com que a massagem fique mais prazerosa e relaxante. Recomendações: Evite contato com os olhos. Projeta o produto do calor, da umidade e da luz. No caso de irritação, suspenda o uso e, se necessário, procure orientação médica.Mantenha fora do alcance das crianças.Confira também: Calcinha Comestível Yummy.",,Saúde e beleza > Cuidados pessoais > Lubrificantes pessoais,Comestiveis,comestiveis,Variação,Menta,,,33504,4.035,,https://miess.vteximg.com.br/arquivos/ids/228497-1000-1000/YUM4127-Menta_1.jpg?v=637629132846730000,TRUE,shopify,,deny,manual,TRUE,TRUE,FALSE,,,active
yummy-gel-térmico-beijável-sexy-fantasy,Yummy Gel Térmico Beijável Sexy Fantasy,"Yummy é um maravilhoso gel térmico beijável que deve ser utilizado para a pratica do sexo oral, sua principal função é esquentar, e em contato com a mucosa proporciona uma suave refrescância. Possui diversos sabores incríveis disponíveis: Caipirinha, Café, Cola, Chiclete, Chocolate, Ice Menta, Framboesa, Marula, Menta, Morango.Ficha técnica: Contém:  15ml.Embalagem:  Frasnaga.Não contém Glúten. Não contém Lactose. Modo de usar: Colocar a quantidade desejada na ponta dos dedos e aplicar no local, massageando delicadamente. O óleo em instantes irá dar uma leve aquecida e fará com que a massagem fique mais prazerosa e relaxante. Recomendações: Evite contato com os olhos. Projeta o produto do calor, da umidade e da luz. No caso de irritação, suspenda o uso e, se necessário, procure orientação médica.Mantenha fora do alcance das crianças.Confira também: Calcinha Comestível Yummy.",,Saúde e beleza > Cuidados pessoais > Lubrificantes pessoais,Comestiveis,comestiveis,Variação,Morango,,,33505,4.035,,https://miess.vteximg.com.br/arquivos/ids/228499-1000-1000/YUM4129-Morango_1.jpg?v=637629133395400000,TRUE,shopify,,deny,manual,TRUE,TRUE,FALSE,,,active
yummy-gel-térmico-beijável-sexy-fantasy,Yummy Gel Térmico Beijável Sexy Fantasy,"Yummy é um maravilhoso gel térmico beijável que deve ser utilizado para a pratica do sexo oral, sua principal função é esquentar, e em contato com a mucosa proporciona uma suave refrescância. Possui diversos sabores incríveis disponíveis: Caipirinha, Café, Cola, Chiclete, Chocolate, Ice Menta, Framboesa, Marula, Menta, Morango.Ficha técnica: Contém:  15ml.Embalagem:  Frasnaga.Não contém Glúten. Não contém Lactose. Modo de usar: Colocar a quantidade desejada na ponta dos dedos e aplicar no local, massageando delicadamente. O óleo em instantes irá dar uma leve aquecida e fará com que a massagem fique mais prazerosa e relaxante. Recomendações: Evite contato com os olhos. Projeta o produto do calor, da umidade e da luz. No caso de irritação, suspenda o uso e, se necessário, procure orientação médica.Mantenha fora do alcance das crianças.Confira também: Calcinha Comestível Yummy.",,Saúde e beleza > Cuidados pessoais > Lubrificantes pessoais,Comestiveis,comestiveis,Variação,Framboesa,,,33506,4.035,,https://miess.vteximg.com.br/arquivos/ids/228501-1000-1000/YUM4133-Framboesa_1.jpg?v=637629133901200000,TRUE,shopify,,deny,manual,TRUE,TRUE,FALSE,,,active
yummy-gel-térmico-beijável-sexy-fantasy,Yummy Gel Térmico Beijável Sexy Fantasy,"Yummy é um maravilhoso gel térmico beijável que deve ser utilizado para a pratica do sexo oral, sua principal função é esquentar, e em contato com a mucosa proporciona uma suave refrescância. Possui diversos sabores incríveis disponíveis: Caipirinha, Café, Cola, Chiclete, Chocolate, Ice Menta, Framboesa, Marula, Menta, Morango.Ficha técnica: Contém:  15ml.Embalagem:  Frasnaga.Não contém Glúten. Não contém Lactose. Modo de usar: Colocar a quantidade desejada na ponta dos dedos e aplicar no local, massageando delicadamente. O óleo em instantes irá dar uma leve aquecida e fará com que a massagem fique mais prazerosa e relaxante. Recomendações: Evite contato com os olhos. Projeta o produto do calor, da umidade e da luz. No caso de irritação, suspenda o uso e, se necessário, procure orientação médica.Mantenha fora do alcance das crianças.Confira também: Calcinha Comestível Yummy.",,Saúde e beleza > Cuidados pessoais > Lubrificantes pessoais,Comestiveis,comestiveis,Variação,Ice Menta,,,33507,4.035,,https://miess.vteximg.com.br/arquivos/ids/228503-1000-1000/YUM4134-Ice-Menta_1.jpg?v=637629135784770000,TRUE,shopify,,deny,manual,TRUE,TRUE,FALSE,,,active
yummy-gel-térmico-beijável-sexy-fantasy,Yummy Gel Térmico Beijável Sexy Fantasy,"Yummy é um maravilhoso gel térmico beijável que deve ser utilizado para a pratica do sexo oral, sua principal função é esquentar, e em contato com a mucosa proporciona uma suave refrescância. Possui diversos sabores incríveis disponíveis: Caipirinha, Café, Cola, Chiclete, Chocolate, Ice Menta, Framboesa, Marula, Menta, Morango.Ficha técnica: Contém:  15ml.Embalagem:  Frasnaga.Não contém Glúten. Não contém Lactose. Modo de usar: Colocar a quantidade desejada na ponta dos dedos e aplicar no local, massageando delicadamente. O óleo em instantes irá dar uma leve aquecida e fará com que a massagem fique mais prazerosa e relaxante. Recomendações: Evite contato com os olhos. Projeta o produto do calor, da umidade e da luz. No caso de irritação, suspenda o uso e, se necessário, procure orientação médica.Mantenha fora do alcance das crianças.Confira também: Calcinha Comestível Yummy.",,Saúde e beleza > Cuidados pessoais > Lubrificantes pessoais,Comestiveis,comestiveis,Variação,Chiclete,,,33508,4.035,,https://miess.vteximg.com.br/arquivos/ids/228505-1000-1000/YUM4135-Chiclete_1.jpg?v=637629137990900000,TRUE,shopify,,deny,manual,TRUE,TRUE,FALSE,,,active
yummy-gel-térmico-beijável-sexy-fantasy,Yummy Gel Térmico Beijável Sexy Fantasy,"Yummy é um maravilhoso gel térmico beijável que deve ser utilizado para a pratica do sexo oral, sua principal função é esquentar, e em contato com a mucosa proporciona uma suave refrescância. Possui diversos sabores incríveis disponíveis: Caipirinha, Café, Cola, Chiclete, Chocolate, Ice Menta, Framboesa, Marula, Menta, Morango.Ficha técnica: Contém:  15ml.Embalagem:  Frasnaga.Não contém Glúten. Não contém Lactose. Modo de usar: Colocar a quantidade desejada na ponta dos dedos e aplicar no local, massageando delicadamente. O óleo em instantes irá dar uma leve aquecida e fará com que a massagem fique mais prazerosa e relaxante. Recomendações: Evite contato com os olhos. Projeta o produto do calor, da umidade e da luz. No caso de irritação, suspenda o uso e, se necessário, procure orientação médica.Mantenha fora do alcance das crianças.Confira também: Calcinha Comestível Yummy.",,Saúde e beleza > Cuidados pessoais > Lubrificantes pessoais,Comestiveis,comestiveis,Variação,Chocolate,,,33509,4.035,,https://miess.vteximg.com.br/arquivos/ids/228507-1000-1000/YUM4136-Chocolate_1.jpg?v=637629138398770000,TRUE,shopify,,deny,manual,TRUE,TRUE,FALSE,,,active
yummy-gel-térmico-beijável-sexy-fantasy,Yummy Gel Térmico Beijável Sexy Fantasy,"Yummy é um maravilhoso gel térmico beijável que deve ser utilizado para a pratica do sexo oral, sua principal função é esquentar, e em contato com a mucosa proporciona uma suave refrescância. Possui diversos sabores incríveis disponíveis: Caipirinha, Café, Cola, Chiclete, Chocolate, Ice Menta, Framboesa, Marula, Menta, Morango.Ficha técnica: Contém:  15ml.Embalagem:  Frasnaga.Não contém Glúten. Não contém Lactose. Modo de usar: Colocar a quantidade desejada na ponta dos dedos e aplicar no local, massageando delicadamente. O óleo em instantes irá dar uma leve aquecida e fará com que a massagem fique mais prazerosa e relaxante. Recomendações: Evite contato com os olhos. Projeta o produto do calor, da umidade e da luz. No caso de irritação, suspenda o uso e, se necessário, procure orientação médica.Mantenha fora do alcance das crianças.Confira também: Calcinha Comestível Yummy.",,Saúde e beleza > Cuidados pessoais > Lubrificantes pessoais,Comestiveis,comestiveis,Variação,Caipirinha,,,33510,4.035,,https://miess.vteximg.com.br/arquivos/ids/228510-1000-1000/YUM4138-Caipirinha_1.jpg?v=637629139775770000,TRUE,shopify,,deny,manual,TRUE,TRUE,FALSE,,,active
yummy-gel-térmico-beijável-sexy-fantasy,Yummy Gel Térmico Beijável Sexy Fantasy,"Yummy é um maravilhoso gel térmico beijável que deve ser utilizado para a pratica do sexo oral, sua principal função é esquentar, e em contato com a mucosa proporciona uma suave refrescância. Possui diversos sabores incríveis disponíveis: Caipirinha, Café, Cola, Chiclete, Chocolate, Ice Menta, Framboesa, Marula, Menta, Morango.Ficha técnica: Contém:  15ml.Embalagem:  Frasnaga.Não contém Glúten. Não contém Lactose. Modo de usar: Colocar a quantidade desejada na ponta dos dedos e aplicar no local, massageando delicadamente. O óleo em instantes irá dar uma leve aquecida e fará com que a massagem fique mais prazerosa e relaxante. Recomendações: Evite contato com os olhos. Projeta o produto do calor, da umidade e da luz. No caso de irritação, suspenda o uso e, se necessário, procure orientação médica.Mantenha fora do alcance das crianças.Confira também: Calcinha Comestível Yummy.",,Saúde e beleza > Cuidados pessoais > Lubrificantes pessoais,Comestiveis,comestiveis,Variação,Amarula,,,33511,4.035,,https://miess.vteximg.com.br/arquivos/ids/228513-1000-1000/YUM4139-Amarula_2.jpg?v=637629140692200000,TRUE,shopify,,deny,manual,TRUE,TRUE,FALSE,,,active
yummy-gel-térmico-beijável-sexy-fantasy,Yummy Gel Térmico Beijável Sexy Fantasy,"Yummy é um maravilhoso gel térmico beijável que deve ser utilizado para a pratica do sexo oral, sua principal função é esquentar, e em contato com a mucosa proporciona uma suave refrescância. Possui diversos sabores incríveis disponíveis: Caipirinha, Café, Cola, Chiclete, Chocolate, Ice Menta, Framboesa, Marula, Menta, Morango.Ficha técnica: Contém:  15ml.Embalagem:  Frasnaga.Não contém Glúten. Não contém Lactose. Modo de usar: Colocar a quantidade desejada na ponta dos dedos e aplicar no local, massageando delicadamente. O óleo em instantes irá dar uma leve aquecida e fará com que a massagem fique mais prazerosa e relaxante. Recomendações: Evite contato com os olhos. Projeta o produto do calor, da umidade e da luz. No caso de irritação, suspenda o uso e, se necessário, procure orientação médica.Mantenha fora do alcance das crianças.Confira também: Calcinha Comestível Yummy.",,Saúde e beleza > Cuidados pessoais > Lubrificantes pessoais,Comestiveis,comestiveis,Variação,Café,,,33512,4.035,,https://miess.vteximg.com.br/arquivos/ids/228514-1000-1000/YUM4137-Cafe_1.jpg?v=637629141629900000,TRUE,shopify,,deny,manual,TRUE,TRUE,FALSE,,,active
yummy-gel-térmico-beijável-sexy-fantasy,Yummy Gel Térmico Beijável Sexy Fantasy,"Yummy é um maravilhoso gel térmico beijável que deve ser utilizado para a pratica do sexo oral, sua principal função é esquentar, e em contato com a mucosa proporciona uma suave refrescância. Possui diversos sabores incríveis disponíveis: Caipirinha, Café, Cola, Chiclete, Chocolate, Ice Menta, Framboesa, Marula, Menta, Morango.Ficha técnica: Contém:  15ml.Embalagem:  Frasnaga.Não contém Glúten. Não contém Lactose. Modo de usar: Colocar a quantidade desejada na ponta dos dedos e aplicar no local, massageando delicadamente. O óleo em instantes irá dar uma leve aquecida e fará com que a massagem fique mais prazerosa e relaxante. Recomendações: Evite contato com os olhos. Projeta o produto do calor, da umidade e da luz. No caso de irritação, suspenda o uso e, se necessário, procure orientação médica.Mantenha fora do alcance das crianças.Confira também: Calcinha Comestível Yummy.",,Saúde e beleza > Cuidados pessoais > Lubrificantes pessoais,Comestiveis,comestiveis,Variação,Guaraná,,,48799,4.035,,https://miess.vteximg.com.br/arquivos/ids/228320-1000-1000/YUM4142-Guarana_1.jpg?v=637624824789200000,TRUE,shopify,,deny,manual,TRUE,TRUE,FALSE,,,active
yummy-gel-térmico-beijável-sexy-fantasy,Yummy Gel Térmico Beijável Sexy Fantasy,"Yummy é um maravilhoso gel térmico beijável que deve ser utilizado para a pratica do sexo oral, sua principal função é esquentar, e em contato com a mucosa proporciona uma suave refrescância. Possui diversos sabores incríveis disponíveis: Caipirinha, Café, Cola, Chiclete, Chocolate, Ice Menta, Framboesa, Marula, Menta, Morango.Ficha técnica: Contém:  15ml.Embalagem:  Frasnaga.Não contém Glúten. Não contém Lactose. Modo de usar: Colocar a quantidade desejada na ponta dos dedos e aplicar no local, massageando delicadamente. O óleo em instantes irá dar uma leve aquecida e fará com que a massagem fique mais prazerosa e relaxante. Recomendações: Evite contato com os olhos. Projeta o produto do calor, da umidade e da luz. No caso de irritação, suspenda o uso e, se necessário, procure orientação médica.Mantenha fora do alcance das crianças.Confira também: Calcinha Comestível Yummy.",,Saúde e beleza > Cuidados pessoais > Lubrificantes pessoais,Comestiveis,comestiveis,Variação,Leite Condensado,,,48853,4.035,,https://miess.vteximg.com.br/arquivos/ids/228560-1000-1000/YUM4141-Leite-Condensado_1.jpg?v=637629300893330000,TRUE,shopify,,deny,manual,TRUE,TRUE,FALSE,,,active
yummy-gel-térmico-beijável-sexy-fantasy,Yummy Gel Térmico Beijável Sexy Fantasy,"Yummy é um maravilhoso gel térmico beijável que deve ser utilizado para a pratica do sexo oral, sua principal função é esquentar, e em contato com a mucosa proporciona uma suave refrescância. Possui diversos sabores incríveis disponíveis: Caipirinha, Café, Cola, Chiclete, Chocolate, Ice Menta, Framboesa, Marula, Menta, Morango.Ficha técnica: Contém:  15ml.Embalagem:  Frasnaga.Não contém Glúten. Não contém Lactose. Modo de usar: Colocar a quantidade desejada na ponta dos dedos e aplicar no local, massageando delicadamente. O óleo em instantes irá dar uma leve aquecida e fará com que a massagem fique mais prazerosa e relaxante. Recomendações: Evite contato com os olhos. Projeta o produto do calor, da umidade e da luz. No caso de irritação, suspenda o uso e, se necessário, procure orientação médica.Mantenha fora do alcance das crianças.Confira também: Calcinha Comestível Yummy.",,Saúde e beleza > Cuidados pessoais > Lubrificantes pessoais,Comestiveis,comestiveis,Variação,Creme-de-Avelã,,,48854,4.035,,https://miess.vteximg.com.br/arquivos/ids/228567-1000-1000/YUM4140-Creme-de-Avela_1.jpg?v=637629767877270000,TRUE,shopify,,deny,manual,TRUE,TRUE,FALSE,,,active
papermint-lâminas-refrescantes-comestíveis-zero-açucar-600mg-danilla-foods,Papermint Lâminas Refrescantes Comestíveis Zero Açucar 600mg Danilla Foods,"Refresque tudo o que você quiser…Todos já pensamos que elas eram somente um docinho para agradar nosso paladar, mas a inocência aqui já acabou faz tempo.  As Lâminas Comestíveis Zero Açúcar da Papermint promovem uma sensação super refrescante para o seu oral e ainda te proporcionam um estouro de sabores.Para que serve a Papermint Lâminas?Ao se dissolver instantaneamente em segundos na sua boca, as maravilhosas lâminas da Papermint vão te trazer um hálito fresco e um sabor incrível, seus beijos se tornarão épicos e o oral vai ficar com aquele gostinho de quero mais, então abuse da criatividade e deixe um sabor inesquecível e a sua marca por onde quer que você passe.Quais os benefícios da Lâmina Danilla Foods?• Excitante;• Refrescância;• Sabor incrível;Qual a Composição das Lâminas Zero Açúcar?Amido modificado, espessante pullulan, estabilizante glicerol, mentol,corante inorgânico dióxido de titânio (INS 171), edulcorantes: neotame, acesulfame de potássio e aspartame. Aromas artificiais de morango, menta ou hortelã. Corantes artificiais: vermelho 40 (INS 129), azul brilhante FCF (INS 133), amarelo tartrazina (INS 102), variando para cada sabor.Como usar a Papermint Lâmina Refrescante?Como se fosse uma pastilha comum, basta abrir a embalagem e mascar uma goma. Logo seu efeito refrescante começa a agir.Quais cuidados e precauções preciso ter ao usar a Lâmina?• Armazenar em local seco e fresco, ao abrigo da luz.• Não expor a temperatura superior a 50ºC.• Evita lesões ou um agravamento de patologias existentes, não utilizar esse produto em zonas inflamadas, inchadas ou em pele com lacerações;• Não compartilhe com nenhum outro parceiro;Recomendações:• Mantenha fora do alcance de crianças;Atenção: Algumas das embalagens podem sofrer alterações por parte do fornecedor, permanecendo as características do produto, tais como: função, composição, peso e quantidade, sem tempo hábil para serem atualizadas em nosso site.Imagens meramente ilustrativas. Visualizações em mobile e desktop podem sofrer alterações de cor.Confira também: Calcinha Comestível Yummy.",,Saúde e beleza > Cuidados pessoais > Lubrificantes pessoais,Comestiveis,comestiveis,Variação,Hortela,,,52029,2.805,,https://miess.vteximg.com.br/arquivos/ids/239397-1000-1000/12675-Hortela.jpg?v=637816792828230000,TRUE,shopify,,deny,manual,TRUE,TRUE,FALSE,,,active
papermint-lâminas-refrescantes-comestíveis-zero-açucar-600mg-danilla-foods,Papermint Lâminas Refrescantes Comestíveis Zero Açucar 600mg Danilla Foods,"Refresque tudo o que você quiser…Todos já pensamos que elas eram somente um docinho para agradar nosso paladar, mas a inocência aqui já acabou faz tempo.  As Lâminas Comestíveis Zero Açúcar da Papermint promovem uma sensação super refrescante para o seu oral e ainda te proporcionam um estouro de sabores.Para que serve a Papermint Lâminas?Ao se dissolver instantaneamente em segundos na sua boca, as maravilhosas lâminas da Papermint vão te trazer um hálito fresco e um sabor incrível, seus beijos se tornarão épicos e o oral vai ficar com aquele gostinho de quero mais, então abuse da criatividade e deixe um sabor inesquecível e a sua marca por onde quer que você passe.Quais os benefícios da Lâmina Danilla Foods?• Excitante;• Refrescância;• Sabor incrível;Qual a Composição das Lâminas Zero Açúcar?Amido modificado, espessante pullulan, estabilizante glicerol, mentol,corante inorgânico dióxido de titânio (INS 171), edulcorantes: neotame, acesulfame de potássio e aspartame. Aromas artificiais de morango, menta ou hortelã. Corantes artificiais: vermelho 40 (INS 129), azul brilhante FCF (INS 133), amarelo tartrazina (INS 102), variando para cada sabor.Como usar a Papermint Lâmina Refrescante?Como se fosse uma pastilha comum, basta abrir a embalagem e mascar uma goma. Logo seu efeito refrescante começa a agir.Quais cuidados e precauções preciso ter ao usar a Lâmina?• Armazenar em local seco e fresco, ao abrigo da luz.• Não expor a temperatura superior a 50ºC.• Evita lesões ou um agravamento de patologias existentes, não utilizar esse produto em zonas inflamadas, inchadas ou em pele com lacerações;• Não compartilhe com nenhum outro parceiro;Recomendações:• Mantenha fora do alcance de crianças;Atenção: Algumas das embalagens podem sofrer alterações por parte do fornecedor, permanecendo as características do produto, tais como: função, composição, peso e quantidade, sem tempo hábil para serem atualizadas em nosso site.Imagens meramente ilustrativas. Visualizações em mobile e desktop podem sofrer alterações de cor.Confira também: Calcinha Comestível Yummy.",,Saúde e beleza > Cuidados pessoais > Lubrificantes pessoais,Comestiveis,comestiveis,Variação,Extra Forte,,,52030,2.805,,https://miess.vteximg.com.br/arquivos/ids/239398-1000-1000/12677-Extra-Forte.jpg?v=637699083567930000,TRUE,shopify,,deny,manual,TRUE,TRUE,FALSE,,,active
papermint-lâminas-refrescantes-comestíveis-zero-açucar-600mg-danilla-foods,Papermint Lâminas Refrescantes Comestíveis Zero Açucar 600mg Danilla Foods,"Refresque tudo o que você quiser…Todos já pensamos que elas eram somente um docinho para agradar nosso paladar, mas a inocência aqui já acabou faz tempo.  As Lâminas Comestíveis Zero Açúcar da Papermint promovem uma sensação super refrescante para o seu oral e ainda te proporcionam um estouro de sabores.Para que serve a Papermint Lâminas?Ao se dissolver instantaneamente em segundos na sua boca, as maravilhosas lâminas da Papermint vão te trazer um hálito fresco e um sabor incrível, seus beijos se tornarão épicos e o oral vai ficar com aquele gostinho de quero mais, então abuse da criatividade e deixe um sabor inesquecível e a sua marca por onde quer que você passe.Quais os benefícios da Lâmina Danilla Foods?• Excitante;• Refrescância;• Sabor incrível;Qual a Composição das Lâminas Zero Açúcar?Amido modificado, espessante pullulan, estabilizante glicerol, mentol,corante inorgânico dióxido de titânio (INS 171), edulcorantes: neotame, acesulfame de potássio e aspartame. Aromas artificiais de morango, menta ou hortelã. Corantes artificiais: vermelho 40 (INS 129), azul brilhante FCF (INS 133), amarelo tartrazina (INS 102), variando para cada sabor.Como usar a Papermint Lâmina Refrescante?Como se fosse uma pastilha comum, basta abrir a embalagem e mascar uma goma. Logo seu efeito refrescante começa a agir.Quais cuidados e precauções preciso ter ao usar a Lâmina?• Armazenar em local seco e fresco, ao abrigo da luz.• Não expor a temperatura superior a 50ºC.• Evita lesões ou um agravamento de patologias existentes, não utilizar esse produto em zonas inflamadas, inchadas ou em pele com lacerações;• Não compartilhe com nenhum outro parceiro;Recomendações:• Mantenha fora do alcance de crianças;Atenção: Algumas das embalagens podem sofrer alterações por parte do fornecedor, permanecendo as características do produto, tais como: função, composição, peso e quantidade, sem tempo hábil para serem atualizadas em nosso site.Imagens meramente ilustrativas. Visualizações em mobile e desktop podem sofrer alterações de cor.Confira também: Calcinha Comestível Yummy.",,Saúde e beleza > Cuidados pessoais > Lubrificantes pessoais,Comestiveis,comestiveis,Variação,Morango,,,52031,2.805,,https://miess.vteximg.com.br/arquivos/ids/239399-1000-1000/12674-Morango.jpg?v=637699083731100000,TRUE,shopify,,deny,manual,TRUE,TRUE,FALSE,,,active
papermint-lâminas-refrescantes-comestíveis-zero-açucar-600mg-danilla-foods,Papermint Lâminas Refrescantes Comestíveis Zero Açucar 600mg Danilla Foods,"Refresque tudo o que você quiser…Todos já pensamos que elas eram somente um docinho para agradar nosso paladar, mas a inocência aqui já acabou faz tempo.  As Lâminas Comestíveis Zero Açúcar da Papermint promovem uma sensação super refrescante para o seu oral e ainda te proporcionam um estouro de sabores.Para que serve a Papermint Lâminas?Ao se dissolver instantaneamente em segundos na sua boca, as maravilhosas lâminas da Papermint vão te trazer um hálito fresco e um sabor incrível, seus beijos se tornarão épicos e o oral vai ficar com aquele gostinho de quero mais, então abuse da criatividade e deixe um sabor inesquecível e a sua marca por onde quer que você passe.Quais os benefícios da Lâmina Danilla Foods?• Excitante;• Refrescância;• Sabor incrível;Qual a Composição das Lâminas Zero Açúcar?Amido modificado, espessante pullulan, estabilizante glicerol, mentol,corante inorgânico dióxido de titânio (INS 171), edulcorantes: neotame, acesulfame de potássio e aspartame. Aromas artificiais de morango, menta ou hortelã. Corantes artificiais: vermelho 40 (INS 129), azul brilhante FCF (INS 133), amarelo tartrazina (INS 102), variando para cada sabor.Como usar a Papermint Lâmina Refrescante?Como se fosse uma pastilha comum, basta abrir a embalagem e mascar uma goma. Logo seu efeito refrescante começa a agir.Quais cuidados e precauções preciso ter ao usar a Lâmina?• Armazenar em local seco e fresco, ao abrigo da luz.• Não expor a temperatura superior a 50ºC.• Evita lesões ou um agravamento de patologias existentes, não utilizar esse produto em zonas inflamadas, inchadas ou em pele com lacerações;• Não compartilhe com nenhum outro parceiro;Recomendações:• Mantenha fora do alcance de crianças;Atenção: Algumas das embalagens podem sofrer alterações por parte do fornecedor, permanecendo as características do produto, tais como: função, composição, peso e quantidade, sem tempo hábil para serem atualizadas em nosso site.Imagens meramente ilustrativas. Visualizações em mobile e desktop podem sofrer alterações de cor.Confira também: Calcinha Comestível Yummy.",,Saúde e beleza > Cuidados pessoais > Lubrificantes pessoais,Comestiveis,comestiveis,Variação,Menta,,,56187,2.805,,https://miess.vteximg.com.br/arquivos/ids/253742-1000-1000/DF12676-Menta_1.jpg?v=637817599150600000,TRUE,shopify,,deny,manual,TRUE,TRUE,FALSE,,,active
